first_name,last_name,email,phone
Kyle,Snell,kyle.snell@example.com,415-555-1212
Kerrie,Yee,kerrie.yee@example.com,415-555-1212
Kunal,Bhatt,kunal.bhatt@example.com,415-555-1212
Kyrie,Kopczynski,kyrie.kopczynski@example.com,415-555-1212
Lasse,Christiansen,lasse.christiansen@example.com,415-555-1212
Mack,McConnell,mack.mcconnell@example.com,415-555-1212
Matt,Freeman,matt.freeman@example.com,415-555-1212
Ferdi,Cam,ferdi.cam@example.com,415-555-1212
